TNVED,2021,Name
2701,23231.86,"УГОЛЬ КАМЕННЫЙ; БРИКЕТЫ, ОКАТЫШИ И АНАЛОГИЧНЫЕ ВИДЫ ТВЕРДОГО ТОПЛИВА, ПОЛУЧЕННЫЕ ИЗ КАМЕННОГО УГЛЯ"
2702,1382.63,"ЛИГНИТ, ИЛИ БУРЫЙ УГОЛЬ, АГЛОМЕРИРОВАННЫЙ ИЛИ НЕАГЛОМЕРИРОВАННЫЙ, КРОМЕ ГАГАТА"
2709,154399.78,"НЕФТЬ СЫРАЯ И НЕФТЕПРОДУКТЫ СЫРЫЕ, ПОЛУЧЕННЫЕ ИЗ БИТУМИНОЗНЫХ МИНЕРАЛОВ"
2711,31754.61,ГАЗЫ НЕФТЯНЫЕ И УГЛЕВОДОРОДЫ ГАЗООБРАЗНЫЕ ПРОЧИЕ
2601,11914.22,"РУДЫ И КОНЦЕНТРАТЫ ЖЕЛЕЗНЫЕ, ВКЛЮЧАЯ ОБОЖЖЕННЫЙ ПИРИТ"
2612,14130.00,РУДЫ И КОНЦЕНТРАТЫ УРАНОВЫЕ ИЛИ ТОРИЕВЫЕ
2508,3383.92,"ГЛИНЫ ПРОЧИЕ (ИСКЛЮЧАЯ ВСПУЧЕННЫЕ ГЛИНЫ ТОВАРНОЙ ПОЗИЦИИ 6806), АНДАЛУЗИТ, КИАНИТ И СИЛЛИМАНИТ, КАЛЬЦИНИРОВАННЫЕ ИЛИ НЕКАЛЬЦИНИРОВАННЫЕ; МУЛЛИТ; ЗЕМЛИ ШАМОТНЫЕ ИЛИ ДИНАСОВЫЕ"
2519,4928.61,"КАРБОНАТ МАГНИЯ ПРИРОДНЫЙ (МАГНЕЗИТ); МАГНЕЗИЯ ПЛАВЛЕНАЯ; МАГНЕЗИЯ ОБОЖЖЕННАЯ ДО СПЕКАНИЯ (АГЛОМЕРИРОВАННАЯ), СОДЕРЖАЩАЯ ИЛИ НЕ СОДЕРЖАЩАЯ НЕБОЛЬШИЕ КОЛИЧЕСТВА ДРУГИХ ОКСИДОВ, ДОБАВЛЯЕМЫХ ПЕРЕД АГЛОМЕРАЦИЕЙ; ПРОЧИЕ ОКСИДЫ МАГНИЯ, С ПРИМЕСЯМИ ИЛИ БЕЗ ПРИМЕСЕЙ"
0207,24640.40,"МЯСО И ПИЩЕВЫЕ СУБПРОДУКТЫ ДОМАШНЕЙ ПТИЦЫ, УКАЗАННОЙ В ТОВАРНОЙ ПОЗИЦИИ 0105, СВЕЖИЕ, ОХЛАЖДЕННЫЕ ИЛИ ЗАМОРОЖЕННЫЕ"
0304,6746.21,"ФИЛЕ РЫБНОЕ И ПРОЧЕЕ МЯСО РЫБЫ (ВКЛЮЧАЯ ФАРШ), СВЕЖИЕ, ОХЛАЖДЕННЫЕ ИЛИ МОРОЖЕНЫЕ"
2008,3057.47,"ФРУКТЫ, ОРЕХИ И ПРОЧИЕ СЪЕДОБНЫЕ ЧАСТИ РАСТЕНИЙ, ПРИГОТОВЛЕННЫЕ ИЛИ КОНСЕРВИРОВАННЫЕ ИНЫМ СПОСОБОМ, СОДЕРЖАЩИЕ ИЛИ НЕ СОДЕРЖАЩИЕ ДОБАВОК САХАРА ИЛИ ДРУГИХ ПОДСЛАЩИВАЮЩИХ ВЕЩЕСТВ ИЛИ СПИРТА, В ДРУГОМ МЕСТЕ НЕ ПОИМЕНОВАННЫЕ ИЛИ НЕ ВКЛЮЧЕННЫЕ"
1513,12236.27,"МАСЛО КОКОСОВОЕ (КОПРОВОЕ), ПАЛЬМОЯДРОВОЕ ИЛИ МАСЛО БАБАССУ И ИХ ФРАКЦИИ, НЕРАФИНИРОВАННЫЕ ИЛИ РАФИНИРОВАННЫЕ, НО БЕЗ ИЗМЕНЕНИЯ ХИМИЧЕСКОГО СОСТАВА"
0406,13900.19,СЫРЫ И ТВОРОГ
1104,3858.19,"ЗЕРНО ЗЛАКОВ, ОБРАБОТАННОЕ ДРУГИМИ СПОСОБАМИ (НАПРИМЕР, ШЕЛУШЕНОЕ, ПЛЮЩЕНОЕ, ПЕРЕРАБОТАННОЕ В ХЛОПЬЯ, ОБРУШЕННОЕ, В ВИДЕ СЕЧКИ ИЛИ ДРОБЛЕНОЕ), КРОМЕ РИСА ТОВАРНОЙ ПОЗИЦИИ 1006; ЗАРОДЫШИ ЗЕРНА ЗЛАКОВ, ЦЕЛЫЕ, ПЛЮЩЕНЫЕ, В ВИДЕ ХЛОПЬЕВ ИЛИ МОЛОТЫЕ"
1905,8003.14,"ХЛЕБ, МУЧНЫЕ КОНДИТЕРСКИЕ ИЗДЕЛИЯ, ПИРОЖНЫЕ, ПЕЧЕНЬЕ И ПРОЧИЕ ХЛЕБОБУЛОЧНЫЕ И МУЧНЫЕ КОНДИТЕРСКИЕ ИЗДЕЛИЯ, СОДЕРЖАЩИЕ ИЛИ НЕ СОДЕРЖАЩИЕ КАКАО; ВАФЕЛЬНЫЕ ПЛАСТИНЫ, ПУСТЫЕ КАПСУЛЫ, ПРИГОДНЫЕ ДЛЯ ИСПОЛЬЗОВАНИЯ В ФАРМАЦЕВТИЧЕСКИХ ЦЕЛЯХ, ВАФЕЛЬНЫЕ ОБЛАТКИ ДЛЯ ЗАПЕЧАТЫВАНИЯ, РИСОВАЯ БУМАГА И АНАЛОГИЧНЫЕ ПРОДУКТЫ"
1806,17965.52,"ШОКОЛАД И ПРОЧИЕ ГОТОВЫЕ ПИЩЕВЫЕ ПРОДУКТЫ, СОДЕРЖАЩИЕ КАКАО"
2309,7661.97,"ПРОДУКТЫ, ИСПОЛЬЗУЕМЫЕ ДЛЯ КОРМЛЕНИЯ ЖИВОТНЫХ"
5205,100.19,"ПРЯЖА ХЛОПЧАТОБУМАЖНАЯ (КРОМЕ ШВЕЙНЫХ НИТОК), СОДЕРЖАЩАЯ 85 МАС.% ИЛИ БОЛЕЕ ХЛОПКОВЫХ ВОЛОКОН, НЕ РАСФАСОВАННАЯ ДЛЯ РОЗНИЧНОЙ ПРОДАЖИ"
5407,961.71,"М2-ТКАНИ ИЗ СИНТЕТИЧЕСКИХ КОМПЛЕКСНЫХ НИТЕЙ, ВКЛЮЧАЯ ТКАНИ, ИЗГОТАВЛИВАЕМЫЕ ИЗ МАТЕРИАЛОВ ТОВАРНОЙ ПОЗИЦИИ 5404"
6302,2661.00,"БЕЛЬЕ ПОСТЕЛЬНОЕ, СТОЛОВОЕ, ТУАЛЕТНОЕ И КУХОННОЕ"
6204,2595.35,"ШТ-КОСТЮМЫ, КОМПЛЕКТЫ, ЖАКЕТЫ, БЛАЙЗЕРЫ, ПЛАТЬЯ, ЮБКИ, ЮБКИ-БРЮКИ, БРЮКИ, КОМБИНЕЗОНЫ С НАГРУДНИКАМИ И ЛЯМКАМИ, БРИДЖИ И ШОРТЫ (КРОМЕ КУПАЛЬНЫХ) ЖЕНСКИЕ ИЛИ ДЛЯ ДЕВОЧЕК"
4303,25.92,"ПРЕДМЕТЫ ОДЕЖДЫ, ПРИНАДЛЕЖНОСТИ К ОДЕЖДЕ И ПРОЧИЕ ИЗДЕЛИЯ, ИЗ НАТУРАЛЬНОГО МЕХА"
6115,221.05,"КОЛГОТЫ, ЧУЛКИ, ГОЛЬФЫ, НОСКИ И ПОДСЛЕДНИКИ И ПРОЧИЕ ЧУЛОЧНО-НОСОЧНЫЕ ИЗДЕЛИЯ, ВКЛЮЧАЯ КОМПРЕССИОННЫЕ ЧУЛОЧНО-НОСОЧНЫЕ ИЗДЕЛИЯ С РАСПРЕДЕЛЕННЫМ ДАВЛЕНИЕМ (НАПРИМЕР, ЧУЛКИ ДЛЯ СТРАДАЮЩИХ ВАРИКОЗНЫМ РАСШИРЕНИЕМ ВЕН) И ОБУВЬ БЕЗ ПОДОШВ, ТРИКОТАЖНЫЕ МАШИННОГО ИЛИ РУЧНОГО ВЯЗАНИЯ"
4104,275.19,"ШТ-ДУБЛЕНАЯ КОЖА ИЛИ КОЖЕВЕННЫЙ КРАСТ ИЗ ШКУР КРУПНОГО РОГАТОГО СКОТА (ВКЛЮЧАЯ БУЙВОЛОВ) ИЛИ ЖИВОТНЫХ СЕМЕЙСТВА ЛОШАДИНЫХ, БЕЗ ВОЛОСЯНОГО ПОКРОВА, ДВОЕНЫЕ ИЛИ НЕДВОЕНЫЕ, НО БЕЗ ДАЛЬНЕЙШЕЙ ОБРАБОТКИ"
6403,764.54,"ПАР-ОБУВЬ С ПОДОШВОЙ ИЗ РЕЗИНЫ, ПЛАСТМАССЫ, НАТУРАЛЬНОЙ ИЛИ КОМПОЗИЦИОННОЙ КОЖИ И С ВЕРХОМ ИЗ НАТУРАЛЬНОЙ КОЖИ"
4407,5039.05,"ЛЕСОМАТЕРИАЛЫ, ПОЛУЧЕННЫЕ РАСПИЛОВКОЙ ИЛИ РАСЩЕПЛЕНИЕМ ВДОЛЬ, СТРОГАНИЕМ ИЛИ ЛУЩЕНИЕМ, ОБРАБОТАННЫЕ ИЛИ НЕ ОБРАБОТАННЫЕ СТРОГАНИЕМ, ШЛИФОВАНИЕМ, ИМЕЮЩИЕ ИЛИ НЕ ИМЕЮЩИЕ ТОРЦЕВЫЕ СОЕДИНЕНИЯ, ТОЛЩИНОЙ БОЛЕЕ 6 ММ"
4418,7810.43,"ИЗДЕЛИЯ СТОЛЯРНЫЕ И ПЛОТНИЦКИЕ, ДЕРЕВЯННЫЕ, СТРОИТЕЛЬНЫЕ, ВКЛЮЧАЯ ЯЧЕИСТЫЕ ДЕРЕВЯННЫЕ ПАНЕЛИ, ПАНЕЛИ НАПОЛЬНЫЕ СОБРАННЫЕ, ГОНТ И ДРАНКУ КРОВЕЛЬНЫЕ"
4804,6745.44,"КРАФТ-БУМАГА И КРАФТ-КАРТОН НЕМЕЛОВАННЫЕ, В РУЛОНАХ ИЛИ ЛИСТАХ, КРОМЕ УКАЗАННЫХ В ТОВАРНОЙ ПОЗИЦИИ 4802 ИЛИ 4803"
4823,8217.67,"БУМАГА, КАРТОН, ЦЕЛЛЮЛОЗНАЯ ВАТА И ПОЛОТНО ИЗ ЦЕЛЛЮЛОЗНЫХ ВОЛОКОН, ПРОЧИЕ, НАРЕЗАННЫЕ ПО РАЗМЕРУ ИЛИ ФОРМЕ; ИЗДЕЛИЯ ИЗ БУМАЖНОЙ МАССЫ, БУМАГИ, КАРТОНА, ЦЕЛЛЮЛОЗНОЙ ВАТЫ ИЛИ ПОЛОТНА ИЗ ЦЕЛЛЮЛОЗНЫХ ВОЛОКОН, ПРОЧИЕ"
8442,3577.62,"МАШИНЫ, АППАРАТУРА И ОСНАСТКА (КРОМЕ СТАНКОВ ТОВАРНЫХ ПОЗИЦИЙ 8456 - 8465) ДЛЯ ПОДГОТОВКИ ИЛИ ИЗГОТОВЛЕНИЯ ПЛАСТИН, ЦИЛИНДРОВ ИЛИ ДРУГИХ ПЕЧАТНЫХ ФОРМ; ПЛАСТИНЫ, ЦИЛИНДРЫ И ДРУГИЕ ПЕЧАТНЫЕ ФОРМЫ; ПЛАСТИНЫ, ЦИЛИНДРЫ И ЛИТОГРАФСКИЕ КАМНИ, ПОДГОТОВЛЕННЫЕ ДЛЯ ПЕЧАТНЫХ ЦЕЛЕЙ (НАПРИМЕР, ОБТОЧЕННЫЕ, ШЛИФОВАННЫЕ ИЛИ ПОЛИРОВАННЫЕ)"
2704,3656.90,"КОКС И ПОЛУКОКС ИЗ КАМЕННОГО УГЛЯ, ЛИГНИТА ИЛИ ТОРФА, АГЛОМЕРИРОВАННЫЕ ИЛИ НЕАГЛОМЕРИРОВАННЫЕ; УГОЛЬ РЕТОРТНЫЙ"
2710,139378.49,"НЕФТЬ И НЕФТЕПРОДУКТЫ, ПОЛУЧЕННЫЕ ИЗ БИТУМИНОЗНЫХ ПОРОД, КРОМЕ СЫРЫХ; ПРОДУКТЫ, В ДРУГОМ МЕСТЕ НЕ ПОИМЕНОВАННЫЕ ИЛИ НЕ ВКЛЮЧЕННЫЕ, СОДЕРЖАЩИЕ 70 МАС.% ИЛИ БОЛЕЕ НЕФТИ ИЛИ НЕФТЕПРОДУКТОВ, ПОЛУЧЕННЫХ ИЗ БИТУМИНОЗНЫХ ПОРОД, ПРИЧЕМ ЭТИ НЕФТЕПРОДУКТЫ ЯВЛЯЮТСЯ ОСНОВНЫМИ СОСТАВЛЯЮЩИМИ ПРОДУКТОВ; ОТРАБОТАННЫЕ НЕФТЕПРОДУКТЫ"
2701,14.19,"УГОЛЬ КАМЕННЫЙ; БРИКЕТЫ, ОКАТЫШИ И АНАЛОГИЧНЫЕ ВИДЫ ТВЕРДОГО ТОПЛИВА, ПОЛУЧЕННЫЕ ИЗ КАМЕННОГО УГЛЯ"
2903,48246.47,ГАЛОГЕНИРОВАННЫЕ ПРОИЗВОДНЫЕ УГЛЕВОДОРОДОВ
3808,878.10,"ИНСЕКТИЦИДЫ, РОДЕНТИЦИДЫ, ФУНГИЦИДЫ, ГЕРБИЦИДЫ, ПРОТИВОВСХОДОВЫЕ СРЕДСТВА И РЕГУЛЯТОРЫ РОСТА РАСТЕНИЙ, СРЕДСТВА ДЕЗИНФИЦИРУЮЩИЕ И АНАЛОГИЧНЫЕ ИМ, РАСФАСОВАННЫЕ В ФОРМЫ ИЛИ УПАКОВКИ ДЛЯ РОЗНИЧНОЙ ПРОДАЖИ ИЛИ ПРЕДСТАВЛЕННЫЕ В ВИДЕ ГОТОВЫХ ПРЕПАРАТОВ ИЛИ ИЗДЕЛИЙ (НАПРИМЕР, ЛЕНТЫ, ОБРАБОТАННЫЕ СЕРОЙ, ФИТИЛИ И СВЕЧИ, И БУМАГА ЛИПКАЯ ОТ МУХ)"
3207,2319.78,"ГОТОВЫЕ ПИГМЕНТЫ, ГОТОВЫЕ ГЛУШИТЕЛИ СТЕКЛА И ГОТОВЫЕ КРАСКИ, ЭМАЛИ И ГЛАЗУРИ СТЕКЛОВИДНЫЕ, АНГОБЫ (ШЛИКЕРЫ), ГЛЯНЦЫ ЖИДКИЕ И АНАЛОГИЧНЫЕ ПРЕПАРАТЫ, ИСПОЛЬЗУЕМЫЕ ПРИ ПРОИЗВОДСТВЕ КЕРАМИКИ, ЭМАЛИ ИЛИ СТЕКЛА; ФРИТТА СТЕКЛОВИДНАЯ И СТЕКЛО ПРОЧЕЕ В ПОРОШКЕ, ГРАНУЛАХ ИЛИ ХЛОПЬЯХ"
3307,4633.53,"СРЕДСТВА, ИСПОЛЬЗУЕМЫЕ ДО, ВО ВРЕМЯ ИЛИ ПОСЛЕ БРИТЬЯ, ДЕЗОДОРАНТЫ ИНДИВИДУАЛЬНОГО НАЗНАЧЕНИЯ, СОСТАВЫ ДЛЯ ПРИНЯТИЯ ВАНН, СРЕДСТВА ДЛЯ УДАЛЕНИЯ ВОЛОС И ПРОЧИЕ ПАРФЮМЕРНЫЕ, КОСМЕТИЧЕСКИЕ ИЛИ ТУАЛЕТНЫЕ СРЕДСТВА, В ДРУГОМ МЕСТЕ НЕ ПОИМЕНОВАННЫЕ ИЛИ НЕ ВКЛЮЧЕННЫЕ; ДЕЗОДОРАНТЫ ДЛЯ ПОМЕЩЕНИЙ, АРОМАТИЗИРОВАННЫЕ ИЛИ НЕАРОМАТИЗИРОВАННЫЕ, ОБЛАДАЮЩИЕ ИЛИ НЕ ОБЛАДАЮЩИЕ ДЕЗИНФИЦИРУЮЩИМИ СВОЙСТВАМИ"
3824,4034.03,"ГОТОВЫЕ СВЯЗУЮЩИЕ ВЕЩЕСТВА ДЛЯ ПРОИЗВОДСТВА ЛИТЕЙНЫХ ФОРМ ИЛИ ЛИТЕЙНЫХ СТЕРЖНЕЙ; ПРОДУКТЫ И ПРЕПАРАТЫ ХИМИЧЕСКИЕ, ХИМИЧЕСКОЙ ИЛИ СМЕЖНЫХ ОТРАСЛЕЙ ПРОМЫШЛЕННОСТИ (ВКЛЮЧАЯ ПРЕПАРАТЫ, СОСТОЯЩИЕ ИЗ СМЕСЕЙ ПРИРОДНЫХ ПРОДУКТОВ), В ДРУГОМ МЕСТЕ НЕ ПОИМЕНОВАННЫЕ ИЛИ НЕ ВКЛЮЧЕННЫЕ"
5402,330.36,"НИТИ КОМПЛЕКСНЫЕ СИНТЕТИЧЕСКИЕ (КРОМЕ ШВЕЙНЫХ НИТОК), НЕ РАСФАСОВАННЫЕ ДЛЯ РОЗНИЧНОЙ ПРОДАЖИ, ВКЛЮЧАЯ СИНТЕТИЧЕСКИЕ МОНОНИТИ ЛИНЕЙНОЙ ПЛОТНОСТИ МЕНЕЕ 67 ДТЕКС"
2939,772.74,"АЛКАЛОИДЫ РАСТИТЕЛЬНОГО ПРОИСХОЖДЕНИЯ, ПРИРОДНЫЕ ИЛИ СИНТЕЗИРОВАННЫЕ, ИХ СОЛИ, ПРОСТЫЕ И СЛОЖНЫЕ ЭФИРЫ И ПРОЧИЕ ПРОИЗВОДНЫЕ"
3004,14791.03,"ЛЕКАРСТВЕННЫЕ СРЕДСТВА (КРОМЕ ТОВАРОВ ТОВАРНОЙ ПОЗИЦИИ 3002, 3005 ИЛИ 3006), СОСТОЯЩИЕ ИЗ СМЕШАННЫХ ИЛИ НЕСМЕШАННЫХ ПРОДУКТОВ, ДЛЯ ИСПОЛЬЗОВАНИЯ В ТЕРАПЕВТИЧЕСКИХ ИЛИ ПРОФИЛАКТИЧЕСКИХ ЦЕЛЯХ, РАСФАСОВАННЫЕ В ВИДЕ ДОЗИРОВАННЫХ ЛЕКАРСТВЕННЫХ ФОРМ (ВКЛЮЧАЯ ЛЕКАРСТВЕННЫЕ СРЕДСТВА В ФОРМЕ ТРАНСДЕРМАЛЬНЫХ СИСТЕМ) ИЛИ В ФОРМЫ  ИЛИ УПАКОВКИ ДЛЯ РОЗНИЧНОЙ ПРОДАЖИ"
4010,3623.51,"ЛЕНТЫ КОНВЕЙЕРНЫЕ ИЛИ РЕМНИ ПРИВОДНЫЕ, ИЛИ БЕЛЬТИНГ, ИЗ ВУЛКАНИЗОВАННОЙ РЕЗИНЫ"
3920,17159.82,"ПЛИТЫ, ЛИСТЫ, ПЛЕНКА И ПОЛОСЫ ИЛИ ЛЕНТЫ, ПРОЧИЕ, ИЗ ПЛАСТМАСС, НЕПОРИСТЫЕ И НЕАРМИРОВАННЫЕ, НЕСЛОИСТЫЕ, БЕЗ ПОДЛОЖКИ И НЕ СОЕДИНЕННЫЕ АНАЛОГИЧНЫМ СПОСОБОМ С ДРУГИМИ МАТЕРИАЛАМИ"
7013,3635.13,"ШТ-ПОСУДА СТОЛОВАЯ И КУХОННАЯ, ПРИНАДЛЕЖНОСТИ ТУАЛЕТНЫЕ И КАНЦЕЛЯРСКИЕ, ИЗДЕЛИЯ ДЛЯ ДОМАШНЕГО УБРАНСТВА ИЛИ АНАЛОГИЧНЫХ ЦЕЛЕЙ, СТЕКЛЯННЫЕ (КРОМЕ ИЗДЕЛИЙ ТОВАРНОЙ ПОЗИЦИИ 7010 ИЛИ 7018)"
6902,891.66,"КИРПИЧИ ОГНЕУПОРНЫЕ, БЛОКИ, ПЛИТКИ И АНАЛОГИЧНЫЕ ОГНЕУПОРНЫЕ КЕРАМИЧЕСКИЕ СТРОИТЕЛЬНЫЕ МАТЕРИАЛЫ, КРОМЕ ИЗДЕЛИЙ ИЗ КРЕМНЕЗЕМИСТОЙ КАМЕННОЙ МУКИ ИЛИ АНАЛОГИЧНЫХ КРЕМНЕЗЕМИСТЫХ ПОРОД"
6907,1537.98,"М2-ПЛИТЫ ДЛЯ МОЩЕНИЯ, ПЛИТКИ ОБЛИЦОВОЧНЫЕ ДЛЯ ПОЛОВ, ПЕЧЕЙ, КАМИНОВ ИЛИ СТЕН КЕРАМИЧЕСКИЕ НЕГЛАЗУРОВАННЫЕ; КУБИКИ КЕРАМИЧЕСКИЕ НЕГЛАЗУРОВАННЫЕ ДЛЯ МОЗАИЧНЫХ РАБОТ И АНАЛОГИЧНЫЕ ИЗДЕЛИЯ, НА ОСНОВЕ ИЛИ БЕЗ НЕЕ"
6909,443.64,"ИЗДЕЛИЯ КЕРАМИЧЕСКИЕ ДЛЯ ЛАБОРАТОРНЫХ, ХИМИЧЕСКИХ ИЛИ ДРУГИХ ТЕХНИЧЕСКИХ ЦЕЛЕЙ; КЕРАМИЧЕСКИЕ ЖЕЛОБА, ЧАНЫ И АНАЛОГИЧНЫЕ РЕЗЕРВУАРЫ, ИСПОЛЬЗУЕМЫЕ В СЕЛЬСКОМ ХОЗЯЙСТВЕ; КЕРАМИЧЕСКИЕ ГОРШКИ, СОСУДЫ И АНАЛОГИЧНЫЕ ИЗДЕЛИЯ, ИСПОЛЬЗУЕМЫЕ ДЛЯ ТРАНСПОРТИРОВКИ ИЛИ УПАКОВКИ ТОВАРОВ"
2523,3393.22,"ПОРТЛАНДЦЕМЕНТ, ЦЕМЕНТ ГЛИНОЗЕМИСТЫЙ, ЦЕМЕНТ ШЛАКОВЫЙ, ЦЕМЕНТ СУПЕРСУЛЬФАТНЫЙ И АНАЛОГИЧНЫЕ ГИДРАВЛИЧЕСКИЕ ЦЕМЕНТЫ, НЕОКРАШЕННЫЕ ИЛИ ОКРАШЕННЫЕ, ГОТОВЫЕ ИЛИ В ФОРМЕ КЛИНКЕРОВ"
6810,8970.97,"ИЗДЕЛИЯ ИЗ ЦЕМЕНТА, БЕТОНА ИЛИ ИСКУССТВЕННОГО КАМНЯ, НЕАРМИРОВАННЫЕ ИЛИ АРМИРОВАННЫЕ"
6802,363.44,"КАМЕНЬ, ОБРАБОТАННЫЙ (КРОМЕ СЛАНЦА) ДЛЯ ПАМЯТНИКОВ ИЛИ СТРОИТЕЛЬСТВА, И ИЗДЕЛИЯ ИЗ НЕГО, КРОМЕ ТОВАРОВ ТОВАРНОЙ ПОЗИЦИИ 6801; КУБИКИ ДЛЯ МОЗАИКИ И АНАЛОГИЧНЫЕ ИЗДЕЛИЯ ИЗ ПРИРОДНОГО КАМНЯ (ВКЛЮЧАЯ СЛАНЕЦ) НА ОСНОВЕ ИЛИ БЕЗ ОСНОВЫ; ГРАНУЛЫ, КРОШКА И ПОРОШОК ИЗ ПРИРОДНОГО КАМНЯ (ВКЛЮЧАЯ СЛАНЕЦ), ИСКУССТВЕННО ОКРАШЕННЫЕ"
6804,4835.10,"ЖЕРНОВА, КАМНИ ТОЧИЛЬНЫЕ, КРУГИ ШЛИФОВАЛЬНЫЕ И АНАЛОГИЧНЫЕ ИЗДЕЛИЯ БЕЗ ОПОРНЫХ КОНСТРУКЦИЙ, ПРЕДНАЗНАЧЕННЫЕ ДЛЯ ШЛИФОВКИ, ЗАТОЧКИ, ПОЛИРОВКИ, ПОДГОНКИ ИЛИ РЕЗАНИЯ, КАМНИ ДЛЯ РУЧНОЙ ЗАТОЧКИ ИЛИ ПОЛИРОВКИ И ИХ ЧАСТИ ИЗ ПРИРОДНОГО КАМНЯ, ИЗ АГЛОМЕРИРОВАННЫХ ПРИРОДНЫХ ИЛИ ИСКУССТВЕННЫХ АБРАЗИВОВ ИЛИ ИЗ КЕРАМИКИ, В СБОРЕ С ДЕТАЛЯМИ ИЗ ДРУГИХ МАТЕРИАЛОВ ИЛИ БЕЗ ЭТИХ ДЕТАЛЕЙ"
7202,53490.79,ФЕРРОСПЛАВЫ
7304,9283.05,"ТРУБЫ, ТРУБКИ И ПРОФИЛИ ПОЛЫЕ, БЕСШОВНЫЕ, ИЗ ЧЕРНЫХ МЕТАЛЛОВ (КРОМЕ ЧУГУННОГО ЛИТЬЯ)"
7212,4581.75,"ПРОКАТ ПЛОСКИЙ ИЗ ЖЕЛЕЗА ИЛИ НЕЛЕГИРОВАННОЙ СТАЛИ ШИРИНОЙ МЕНЕЕ 600 ММ, ПЛАКИРОВАННЫЙ, С ГАЛЬВАНИЧЕСКИМ ИЛИ ДРУГИМ ПОКРЫТИЕМ"
7110,54609.51,"Г-ПЛАТИНА НЕОБРАБОТАННАЯ ИЛИ ПОЛУОБРАБОТАННАЯ, ИЛИ В ВИДЕ ПОРОШКА"
7307,1157.81,"ФИТИНГИ ДЛЯ ТРУБ ИЛИ ТРУБОК (НАПРИМЕР, СОЕДИНЕНИЯ, КОЛЕНА, СГОНЫ), ИЗ ЧЕРНЫХ МЕТАЛЛОВ"
7308,10094.10,"МЕТАЛЛОКОНСТРУКЦИИ ИЗ ЧЕРНЫХ МЕТАЛЛОВ (КРОМЕ СБОРНЫХ СТРОИТЕЛЬНЫХ КОНСТРУКЦИЙ ТОВАРНОЙ ПОЗИЦИИ 9406) И ИХ ЧАСТИ (НАПРИМЕР, МОСТЫ И ИХ СЕКЦИИ, ВОРОТА ШЛЮЗОВ, БАШНИ, РЕШЕТЧАТЫЕ МАЧТЫ, ПЕРЕКРЫТИЯ ДЛЯ КРЫШ, СТРОИТЕЛЬНЫЕ ФЕРМЫ, ДВЕРИ И ОКНА И ИХ РАМЫ, ПОРОГИ ДЛЯ ДВЕРЕЙ, ЖАЛЮЗИ, БАЛЮСТРАДЫ, ОПОРЫ И КОЛОННЫ); ЛИСТЫ, ПРУТКИ, УГОЛКИ, ФАСОННЫЕ ПРОФИЛИ, ТРУБЫ И АНАЛОГИЧНЫЕ ИЗДЕЛИЯ, ИЗ ЧЕРНЫХ МЕТАЛЛОВ, ПРЕДНАЗНАЧЕННЫЕ ДЛЯ ИСПОЛЬЗОВАНИЯ В МЕТАЛЛОКОНСТРУКЦИЯХ"
7322,1229.69,"РАДИАТОРЫ ДЛЯ ЦЕНТРАЛЬНОГО ОТОПЛЕНИЯ С НЕЭЛЕКТРИЧЕСКИМ НАГРЕВОМ И ИХ ЧАСТИ, ИЗ ЧЕРНЫХ МЕТАЛЛОВ; ВОЗДУХОНАГРЕВАТЕЛИ И РАСПРЕДЕЛИТЕЛЬНЫЕ УСТРОЙСТВА ДЛЯ ПОДАЧИ ГОРЯЧЕГО ВОЗДУХА (ВКЛЮЧАЯ УСТРОЙСТВА ДЛЯ ПОДАЧИ ТАКЖЕ СВЕЖЕГО ИЛИ КОНДИЦИОНИРОВАННОГО ВОЗДУХА) С НЕЭЛЕКТРИЧЕСКИМ НАГРЕВОМ, ОБОРУДОВАННЫЕ ВСТРОЕННЫМ ВЕНТИЛЯТОРОМ ИЛИ ВОЗДУХОДУВКОЙ С ПРИВОДОМ ОТ ДВИГАТЕЛЯ И ИХ ЧАСТИ, ИЗ ЧЕРНЫХ МЕТАЛЛОВ"
8402,1261.27,"КОТЛЫ ПАРОВЫЕ ИЛИ ДРУГИЕ ПАРОПРОИЗВОДЯЩИЕ КОТЛЫ (КРОМЕ ВОДЯНЫХ КОТЛОВ ЦЕНТРАЛЬНОГО ОТОПЛЕНИЯ, СПОСОБНЫХ ТАКЖЕ ПРОИЗВОДИТЬ ПАР НИЗКОГО ДАВЛЕНИЯ); КОТЛЫ ПЕРЕГРЕТОЙ ВОДЫ"
8207,607.46,"СМЕННЫЕ РАБОЧИЕ ИНСТРУМЕНТЫ ДЛЯ РУЧНЫХ ИНСТРУМЕНТОВ, С МЕХАНИЧЕСКИМ ПРИВОДОМ ИЛИ БЕЗ НЕГО ИЛИ ДЛЯ СТАНКОВ (НАПРИМЕР, ДЛЯ ПРЕССОВАНИЯ, ШТАМПОВКИ, ВЫРУБКИ, НАРЕЗАНИЯ РЕЗЬБЫ, СВЕРЛЕНИЯ, РАСТАЧИВАНИЯ, ПРОТЯГИВАНИЯ, ФРЕЗЕРОВАНИЯ, ТОКАРНОЙ ОБРАБОТКИ ИЛИ ЗАВИНЧИВАНИЯ), ВКЛЮЧАЯ ФИЛЬЕРЫ ДЛЯ ВОЛОЧЕНИЯ ИЛИ ЭКСТРУДИРОВАНИЯ МЕТАЛЛА, ИНСТРУМЕНТЫ ДЛЯ БУРЕНИЯ СКАЛЬНЫХ ПОРОД ИЛИ ГРУНТОВ"
7318,18788.43,"ВИНТЫ, БОЛТЫ, ГАЙКИ, ГЛУХАРИ, ВВЕРТНЫЕ КРЮКИ, ЗАКЛЕПКИ, ШПОНКИ, ШПЛИНТЫ, ШАЙБЫ (ВКЛЮЧАЯ ПРУЖИННЫЕ) И АНАЛОГИЧНЫЕ ИЗДЕЛИЯ, ИЗ ЧЕРНЫХ МЕТАЛЛОВ"
8501,5467.55,ШТ-ДВИГАТЕЛИ И ГЕНЕРАТОРЫ ЭЛЕКТРИЧЕСКИЕ (КРОМЕ ЭЛЕКТРОГЕНЕРАТОРНЫХ УСТАНОВОК)
8507,557.20,"АККУМУЛЯТОРЫ ЭЛЕКТРИЧЕСКИЕ, ВКЛЮЧАЯ СЕПАРАТОРЫ ДЛЯ НИХ, ПРЯМОУГОЛЬНОЙ (В ТОМ ЧИСЛЕ КВАДРАТНОЙ) ИЛИ ИНОЙ ФОРМЫ"
8544,4898.18,"ПРОВОДА ИЗОЛИРОВАННЫЕ (ВКЛЮЧАЯ ЭМАЛИРОВАННЫЕ ИЛИ АНОДИРОВАННЫЕ), КАБЕЛИ (ВКЛЮЧАЯ КОАКСИАЛЬНЫЕ КАБЕЛИ) И ДРУГИЕ ИЗОЛИРОВАННЫЕ ЭЛЕКТРИЧЕСКИЕ ПРОВОДНИКИ С СОЕДИНИТЕЛЬНЫМИ ПРИСПОСОБЛЕНИЯМИ ИЛИ БЕЗ НИХ; КАБЕЛИ ВОЛОКОННО-ОПТИЧЕСКИЕ, СОСТАВЛЕННЫЕ ИЗ ВОЛОКОН С ИНДИВИДУАЛЬНЫМИ ОБОЛОЧКАМИ, НЕЗАВИСИМО ОТ ТОГО, НАХОДЯТСЯ ОНИ ИЛИ НЕТ В СБОРЕ С ЭЛЕКТРОПРОВОДНИКАМИ ИЛИ СОЕДИНИТЕЛЬНЫМИ ПРИСПОСОБЛЕНИЯМИ"
8539,701.72,"ЛАМПЫ НАКАЛИВАНИЯ ЭЛЕКТРИЧЕСКИЕ ИЛИ ГАЗОРАЗРЯДНЫЕ, ВКЛЮЧАЯ ЛАМПЫ ГЕРМЕТИЧНЫЕ НАПРАВЛЕННОГО СВЕТА, А ТАКЖЕ УЛЬТРАФИОЛЕТОВЫЕ ИЛИ ИНФРАКРАСНЫЕ ЛАМПЫ; ДУГОВЫЕ ЛАМПЫ"
8516,2152.21,"ЭЛЕКТРИЧЕСКИЕ ВОДОНАГРЕВАТЕЛИ ПРОТОЧНЫЕ ИЛИ НАКОПИТЕЛЬНЫЕ (ЕМКОСТНЫЕ) И ЭЛЕКТРОНАГРЕВАТЕЛИ ПОГРУЖНЫЕ; ЭЛЕКТРООБОРУДОВАНИЕ ОБОГРЕВА ПРОСТРАНСТВА И ОБОГРЕВА ГРУНТА, ЭЛЕКТРОТЕРМИЧЕСКИЕ АППАРАТЫ ДЛЯ УХОДА ЗА ВОЛОСАМИ (НАПРИМЕР, СУШИЛКИ ДЛЯ ВОЛОС, БИГУДИ, ЩИПЦЫ ДЛЯ ГОРЯЧЕЙ ЗАВИВКИ) И СУШИЛКИ ДЛЯ РУК; ЭЛЕКТРОУТЮГИ; ПРОЧИЕ БЫТОВЫЕ ЭЛЕКТРОНАГРЕВАТЕЛЬНЫЕ ПРИБОРЫ; ЭЛЕКТРИЧЕСКИЕ НАГР
ЕВАТЕЛЬНЫЕ СОПРОТИВЛЕНИЯ, КРОМЕ УКАЗАННЫХ В ТОВАРНОЙ ПОЗИЦИИ 8545"
8532,1912.83,"КОНДЕНСАТОРЫ ЭЛЕКТРИЧЕСКИЕ ПОСТОЯННЫЕ, ПЕРЕМЕННЫЕ ИЛИ ПОДСТРОЕЧНЫЕ"
8413,5611.78,НАСОСЫ ЖИДКОСТНЫЕ С РАСХОДОМЕРАМИ ИЛИ БЕЗ НИХ; ПОДЪЕМНИКИ ЖИДКОСТЕЙ
8467,5638.11,"ИНСТРУМЕНТЫ РУЧНЫЕ ПНЕВМАТИЧЕСКИЕ, ГИДРАВЛИЧЕСКИЕ ИЛИ СО ВСТРОЕННЫМ ЭЛЕКТРИЧЕСКИМ ИЛИ НЕЭЛЕКТРИЧЕСКИМ ДВИГАТЕЛЕМ"
8701,2842.11,ШТ-ТРАКТОРЫ (КРОМЕ ТРАКТОРОВ ТОВАРНОЙ ПОЗИЦИИ 8709)
8459,440.06,"ШТ-СТАНКИ МЕТАЛЛОРЕЖУЩИЕ (ВКЛЮЧАЯ АГРЕГАТНЫЕ СТАНКИ ЛИНЕЙНОГО ПОСТРОЕНИЯ) ДЛЯ СВЕРЛЕНИЯ, РАСТАЧИВАНИЯ, ФРЕЗЕРОВАНИЯ, НАРЕЗАНИЯ НАРУЖНОЙ ИЛИ ВНУТРЕННЕЙ РЕЗЬБЫ ПОСРЕДСТВОМ УДАЛЕНИЯ МЕТАЛЛА, КРОМЕ ТОКАРНЫХ СТАНКОВ (ВКЛЮЧАЯ СТАНКИ ТОКАРНЫЕ МНОГОЦЕЛЕВЫЕ) ТОВАРНОЙ ПОЗИЦИИ 8458"
8448,5242.95,"ОБОРУДОВАНИЕ ВСПОМОГАТЕЛЬНОЕ ДЛЯ ИСПОЛЬЗОВАНИЯ С МАШИНАМИ ТОВАРНОЙ ПОЗИЦИИ 8444, 8445, 8446 ИЛИ 8447 (НАПРИМЕР, РЕМИЗОПОДЪЕМНЫЕ КАРЕТКИ, ЖАККАРДОВЫЕ МАШИНЫ, АВТОМАТИЧЕСКИЕ МЕХАНИЗМЫ ОСТАНОВА, МЕХАНИЗМЫ СМЕНЫ ЧЕЛНОКОВ); ЧАСТИ И ПРИНАДЛЕЖНОСТИ, ПРЕДНАЗНАЧЕННЫЕ ИСКЛЮЧИТЕЛЬНО ИЛИ В ОСНОВНОМ ДЛЯ МАШИН ДАННОЙ ТОВАРНОЙ ПОЗИЦИИ ИЛИ ТОВАРНОЙ ПОЗИЦИИ 8444, 8445, 8446 ИЛИ 8447 (НАПРИМЕР, ВЕРЕТЕНА И РОГУЛЬКИ, ИГОЛЬЧАТАЯ ГАРНИТУРА, ГРЕБНИ, ФИЛЬЕРЫ, ЧЕЛНОКИ, РЕМИЗКИ И РЕМИЗНЫЕ РАМЫ, ТРИКОТАЖНЫЕ ИГЛЫ)"
8703,27991.00,"ШТ-АВТОМОБИЛИ ЛЕГКОВЫЕ И ПРОЧИЕ МОТОРНЫЕ ТРАНСПОРТНЫЕ СРЕДСТВА, ПРЕДНАЗНАЧЕННЫЕ ГЛАВНЫМ ОБРАЗОМ ДЛЯ ПЕРЕВОЗКИ ЛЮДЕЙ (КРОМЕ МОТОРНЫХ ТРАНСПОРТНЫХ СРЕДСТВ ТОВАРНОЙ ПОЗИЦИИ 8702), ВКЛЮЧАЯ ГРУЗОПАССАЖИРСКИЕ АВТОМОБИЛИ-ФУРГОНЫ И ГОНОЧНЫЕ АВТОМОБИЛИ"
8716,1415.74,ПРИЦЕПЫ И ПОЛУПРИЦЕПЫ; ПРОЧИЕ НЕСАМОХОДНЫЕ ТРАНСПОРТНЫЕ СРЕДСТВА; ИХ ЧАСТИ
8708,7743.07,ЧАСТИ И ПРИНАДЛЕЖНОСТИ МОТОРНЫХ ТРАНСПОРТНЫХ СРЕДСТВ ТОВАРНЫХ ПОЗИЦИЙ 8701 - 8705
8607,9157.35,ЧАСТИ ЖЕЛЕЗНОДОРОЖНЫХ ЛОКОМОТИВОВ ИЛИ МОТОРНЫХ ВАГОНОВ ТРАМВАЯ ИЛИ ПОДВИЖНОГО СОСТАВА
8802,11651.31,"ШТ-ЛЕТАТЕЛЬНЫЕ АППАРАТЫ ПРОЧИЕ (НАПРИМЕР, ВЕРТОЛЕТЫ, САМОЛЕТЫ); КОСМИЧЕСКИЕ АППАРАТЫ (ВКЛЮЧАЯ СПУТНИКИ) И СУБОРБИТАЛЬНЫЕ И КОСМИЧЕСКИЕ РАКЕТЫ-НОСИТЕЛИ"
8714,177.65,ЧАСТИ И ПРИНАДЛЕЖНОСТИ К ТРАНСПОРТНЫМ СРЕДСТВАМ ТОВАРНЫХ ПОЗИЦИЙ 8711 - 8713
8716,7997.68,ПРИЦЕПЫ И ПОЛУПРИЦЕПЫ; ПРОЧИЕ НЕСАМОХОДНЫЕ ТРАНСПОРТНЫЕ СРЕДСТВА; ИХ ЧАСТИ
7113,1708.14,"ЮВЕЛИРНЫЕ ИЗДЕЛИЯ И ИХ ЧАСТИ ИЗ ДРАГОЦЕННЫХ МЕТАЛЛОВ ИЛИ МЕТАЛЛОВ, ПЛАКИРОВАННЫХ ДРАГОЦЕННЫМИ МЕТАЛЛАМИ"
9209,12.42,"ЧАСТИ (НАПРИМЕР, МЕХАНИЗМЫ ДЛЯ МУЗЫКАЛЬНЫХ ШКАТУЛОК) И ПРИНАДЛЕЖНОСТИ МУЗЫКАЛЬНЫХ ИНСТРУМЕНТОВ (НАПРИМЕР, КАРТЫ, ДИСКИ И ВАЛИКИ ДЛЯ МЕХАНИЧЕСКИХ ИНСТРУМЕНТОВ); МЕТРОНОМЫ, КАМЕРТОНЫ И ТРУБЫ С ФИКСИРОВАННОЙ ВЫСОТОЙ ЗВУКА ВСЕХ ВИДОВ"
9506,151.21,"ИНВЕНТАРЬ И ОБОРУДОВАНИЕ ДЛЯ ЗАНЯТИЙ ОБЩЕЙ ФИЗКУЛЬТУРОЙ, ГИМНАСТИКОЙ, ЛЕГКОЙ АТЛЕТИКОЙ, ПРОЧИМИ ВИДАМИ СПОРТА (ВКЛЮЧАЯ НАСТОЛЬНЫЙ ТЕННИС) ИЛИ ДЛЯ ИГР НА ОТКРЫТОМ ВОЗДУХЕ, В ДРУГОМ МЕСТЕ ДАННОЙ ГРУППЫ НЕ ПОИМЕНОВАННЫЕ ИЛИ НЕ ВКЛЮЧЕННЫЕ; БАССЕЙНЫ ПЛАВАТЕЛЬНЫЕ И БАССЕЙНЫ ДЛЯ ДЕТЕЙ"
9503,229.19,"ТРЕХКОЛЕСНЫЕ ВЕЛОСИПЕДЫ, САМОКАТЫ, ПЕДАЛЬНЫЕ АВТОМОБИЛИ И АНАЛОГИЧНЫЕ ИГРУШКИ НА КОЛЕСАХ; КОЛЯСКИ ДЛЯ КУКОЛ; КУКЛЫ; ПРОЧИЕ ИГРУШКИ; МОДЕЛИ В УМЕНЬШЕННОМ РАЗМЕРЕ (""В МАСШТАБЕ"") И АНАЛОГИЧНЫЕ МОДЕЛИ ДЛЯ"
9018,959.15,"ПРИБОРЫ И УСТРОЙСТВА, ПРИМЕНЯЕМЫЕ В МЕДИЦИНЕ, ХИРУРГИИ, СТОМАТОЛОГИИ ИЛИ ВЕТЕРИНАРИИ, ВКЛЮЧАЯ СЦИНТИГРАФИЧЕСКУЮ АППАРАТУРУ, АППАРАТУРА ЭЛЕКТРОМЕДИЦИНСКАЯ ПРОЧАЯ И ПРИБОРЫ ДЛЯ ИССЛЕДОВАНИЯ ЗРЕНИЯ"
9608,796.88,"РУЧКИ ШАРИКОВЫЕ; РУЧКИ И МАРКЕРЫ С НАКОНЕЧНИКОМ ИЗ ВОЙЛОКА ИЛИ ФЕТРА И ПРОЧИХ ПОРИСТЫХ МАТЕРИАЛОВ; АВТОРУЧКИ ЧЕРНИЛЬНЫЕ, СТИЛОГРАФЫ И РУЧКИ ПРОЧИЕ; ПЕРЬЯ КОПИРОВАЛЬНЫЕ; КАРАНДАШИ С ВЫТАЛКИВАЕМЫМ ИЛИ СКОЛЬЗЯЩИМ СТЕРЖНЕМ; ДЕРЖАТЕЛИ ДЛЯ ПЕРЬЕВ, ДЕРЖАТЕЛИ ДЛЯ КАРАНДАШЕЙ И АНАЛОГИЧНЫЕ ДЕРЖАТЕЛИ; ЧАСТИ (ВКЛЮЧАЯ КОЛПАЧКИ И ЗАЖИМЫ) ИЗДЕЛИЙ, ПЕРЕЧИСЛЕННЫХ ВЫШЕ, КРОМЕ ИЗДЕЛИЙ ТОВАРНОЙ ПОЗИЦИИ 9609"
2716,50331.56,1000 КВТ*Ч-ЭЛЕКТРОЭНЕРГИЯ
2705,3119.72,"1000 М3-ГАЗ КАМЕННОУГОЛЬНЫЙ, ВОДЯНОЙ, ГЕНЕРАТОРНЫЙ И АНАЛОГИЧНЫЕ ГАЗЫ, КРОМЕ НЕФТЯНЫХ ГАЗОВ И ДРУГИХ ГАЗООБРАЗНЫХ УГЛЕВОДОРОДОВ"